,Country,Prevalence
10,Australasia,6.895849562154643
97,Iran,6.932546439272144
152,Norway,7.637363444827143
150,Northern Ireland,7.826926525235715
143,New Zealand,8.651308922059643
